{
  "project_info": {
    "project_number": "433030951466",
    "firebase_url": "https://arboreal-avatar-199118.firebaseio.com",
    "project_id": "arboreal-avatar-199118",
    "storage_bucket": "arboreal-avatar-199118.appspot.com"
  },
  "client": [
    {
      "client_info": {
        "mobilesdk_app_id": "1:433030951466:android:8a904fae81e008ae",
        "android_client_info": {
          "package_name": "com.coreit.wakalaapp"
        }
      },
      "oauth_client": [
        {
          "client_id": "433030951466-1q64gcfd174ad4tjknb8miitjo54hm23.apps.googleusercontent.com",
          "client_type": 3
        }
      ],
      "api_key": [
        {
          "current_key": "AIzaSyD0H1eTAxMBPbGjXwyxtJ-dqeIcpWj5IYs"
        }
      ],
      "services": {
        "analytics_service": {
          "status": 1
        },
        "appinvite_service": {
          "status": 1,
          "other_platform_oauth_client": []
        },
        "ads_service": {
          "status": 2
        }
      }
    }
  ],
  "configuration_version": "1"
}